id,name,current_category,proposed_category,confidence,needs_review,reason
th_001,ไข่เจียว,savory,savory,high,false,"meal dish: main egg with fish_sauce, vegetable_oil; 70 g, no sweet/snack/drink cue in the fields"
th_002,ไข่ต้ม,savory,savory,medium,false,"main egg only, 50 g, no seasoning; a plain savory protein item, no sweet or drink cue"
th_003,ไข่ตุ๋น,savory,savory,high,false,"meal dish: main egg with fish_sauce; 150 g, no sweet/snack/drink cue in the fields"
th_004,มันฝรั่งทอด,savory,snack,high,false,"name 'fried potato', main potato, seasonings oil+salt, notes say deep-fried, 100 g; a fried tuber, not a meal"
th_005,แกงเขียวหวานไก่,savory,savory,high,false,"meal dish: main chicken, eggplant with green_curry_paste, coconut_milk, fish_sauce; 200 g, no sweet/snack/drink cue in the fields"
th_006,แกงเผ็ดไก่,savory,savory,high,false,"meal dish: main chicken with red_curry_paste, coconut_milk, fish_sauce; 200 g, no sweet/snack/drink cue in the fields"
th_007,แกงพะแนงไก่,savory,savory,high,false,"meal dish: main chicken with red_curry_paste, coconut_milk, fish_sauce; 200 g, no sweet/snack/drink cue in the fields"
th_008,แกงมัสมั่นไก่,savory,savory,high,false,"meal dish: main chicken, potato, onion with massaman_curry_paste, coconut_milk, fish_sauce; 200 g, no sweet/snack/drink cue in the fields"
th_009,แกงกะหรี่ไก่,savory,savory,high,false,"meal dish: main chicken, potato, onion with yellow_curry_paste, coconut_milk, fish_sauce; 200 g, no sweet/snack/drink cue in the fields"
th_010,แกงซุปไก่,savory,savory,high,false,"meal dish: main chicken, onion, potato with salt, pepper; 200 g, no sweet/snack/drink cue in the fields"
th_011,ไก่อบซอส,savory,savory,high,false,"meal dish: main chicken with soy_sauce, oyster_sauce, sugar; 150 g, no sweet/snack/drink cue in the fields"
th_012,ซุปมะเขือ,savory,savory,high,false,"meal dish: main eggplant with fish_sauce, salt, pepper; 200 g, no sweet/snack/drink cue in the fields"
th_013,ผัดเปรี้ยวหวานไก่,savory,savory,high,false,"meal dish: main chicken, tomato, cucumber with vegetable_oil, sugar, vinegar; 150 g, no sweet/snack/drink cue in the fields"
th_014,ผัดเผ็ดไก่,savory,savory,high,false,"meal dish: main chicken with red_curry_paste, vegetable_oil, fish_sauce; 150 g, no sweet/snack/drink cue in the fields"
th_015,แกงเขียวหวานหมู,savory,savory,high,false,"meal dish: main pork, eggplant with green_curry_paste, coconut_milk, fish_sauce; 200 g, no sweet/snack/drink cue in the fields"
th_016,แกงป่าฟักทองใส่หมู,savory,savory,high,false,"meal dish: main pork, pumpkin with red_curry_paste, fish_sauce; 200 g, no sweet/snack/drink cue in the fields"
th_017,แกงส้มผักรวม,savory,savory,high,false,"meal dish: main fish, cauliflower, cabbage with sour_curry_paste, tamarind_paste, fish_sauce; 200 g, no sweet/snack/drink cue in the fields"
th_018,ต้มข่าไก่,savory,savory,high,false,"meal dish: main chicken, straw_mushroom, galangal with coconut_milk, fish_sauce; 200 g, no sweet/snack/drink cue in the fields"
th_019,ต้มยำกุ้ง,savory,savory,high,false,"meal dish: main shrimp, straw_mushroom, lemongrass with fish_sauce, chili_paste; 200 g, no sweet/snack/drink cue in the fields"
th_020,ต้มยำไก่,savory,savory,high,false,"meal dish: main chicken, straw_mushroom, lemongrass with fish_sauce; 200 g, no sweet/snack/drink cue in the fields"
th_021,ต้มพะโล้,savory,savory,high,false,"meal dish: main pork, egg with dark_soy_sauce, sugar, salt; 200 g, no sweet/snack/drink cue in the fields"
th_022,ทอดมันกุ้ง,savory,savory,high,false,"meal dish: main shrimp with red_curry_paste, vegetable_oil; 100 g, no sweet/snack/drink cue in the fields"
th_023,ผัดพริกขิงไก่ใส่ถั่วฝักยาว,savory,savory,high,false,"meal dish: main chicken, yardlong_bean with red_curry_paste, vegetable_oil, fish_sauce; 150 g, no sweet/snack/drink cue in the fields"
th_024,ยำรวมมิตรทะเล,savory,savory,high,false,"meal dish: main shrimp, squid, onion with fish_sauce, sugar, chili_paste; 120 g, no sweet/snack/drink cue in the fields"
th_025,ลาบเนื้อ,savory,savory,high,false,"meal dish: main beef, green_onion, mint_leaves with fish_sauce, roasted_rice_powder; 120 g, no sweet/snack/drink cue in the fields"
th_026,ก๋วยเตี๋ยวผัดขี้เมา,savory,savory,high,false,"meal dish: main rice_noodle, pork, holy_basil with soy_sauce, oyster_sauce, vegetable_oil; 300 g, no sweet/snack/drink cue in the fields"
th_027,ก๋วยเตี๋ยวเส้นใหญ่ผัดซีอิ๊วหมู,savory,savory,high,false,"meal dish: main rice_noodle, pork, egg with dark_soy_sauce, soy_sauce, oyster_sauce; 300 g, no sweet/snack/drink cue in the fields"
th_028,ข้าวซอยไก่,savory,savory,high,false,"meal dish: main egg_noodle, chicken with yellow_curry_paste, coconut_milk, fish_sauce; 300 g, no sweet/snack/drink cue in the fields"
th_029,ข้าวราดไก่ผัดใบกะเพรา,savory,savory,high,false,"meal dish: main rice, chicken, holy_basil with fish_sauce, oyster_sauce, soy_sauce; 300 g, no sweet/snack/drink cue in the fields"
th_030,ข้าวผัดหมู,savory,savory,high,false,"meal dish: main rice, pork, egg with soy_sauce, oyster_sauce, vegetable_oil; 300 g, no sweet/snack/drink cue in the fields"
th_031,ผัดผักรวมมิตร,savory,savory,high,false,"meal dish: main cabbage, carrot, cauliflower with vegetable_oil, oyster_sauce, soy_sauce; 213 g, no sweet/snack/drink cue in the fields"
th_032,ผัดกะหล่ำปลีน้ำปลา,savory,savory,high,false,"meal dish: main cabbage, garlic, chili with vegetable_oil, fish_sauce; 181 g, no sweet/snack/drink cue in the fields"
th_033,ไก่ผัดขิง,savory,savory,high,false,"meal dish: main chicken, ginger, green_onion with vegetable_oil, soy_sauce, oyster_sauce; 172 g, no sweet/snack/drink cue in the fields"
th_034,ผัดผักโขมกระเทียม,savory,savory,high,false,"meal dish: main spinach, garlic with vegetable_oil, soy_sauce; 176 g, no sweet/snack/drink cue in the fields"
th_035,สลัดผักสด,savory,savory,high,false,"meal dish: main lettuce, tomato, cucumber with no seasonings; 200 g, no sweet/snack/drink cue in the fields"
th_036,ผัดฟักทองใส่ไข่,savory,savory,high,false,"meal dish: main pumpkin, egg, garlic with vegetable_oil, fish_sauce; 228 g, no sweet/snack/drink cue in the fields"
th_037,มันเทศนึ่ง,savory,snack,medium,true,"main sweet_potato only, no seasoning, 150 g steamed; a plain tuber eaten casually, notes give no snack/dessert cue"
th_038,ไก่ผัดบรอกโคลี,savory,savory,high,false,"meal dish: main chicken, broccoli, garlic with vegetable_oil, oyster_sauce, soy_sauce; 251 g, no sweet/snack/drink cue in the fields"
th_039,ผัดผักบุ้งไฟแดง,savory,savory,high,false,"meal dish: main water_spinach, garlic, chili with oyster_sauce, soy_sauce, vegetable_oil; 182 g, no sweet/snack/drink cue in the fields"
th_040,กุยช่ายผัดไข่,savory,savory,high,false,"meal dish: main chives, egg with soy_sauce, vegetable_oil, oyster_sauce; 177 g, no sweet/snack/drink cue in the fields"
th_041,มะระผัดไข่,savory,savory,high,false,"meal dish: main bitter_gourd, egg with fish_sauce, vegetable_oil, soy_sauce; 196 g, no sweet/snack/drink cue in the fields"
th_042,ผัดถั่วงอกหัวโตเต้าหู้,savory,savory,high,false,"meal dish: main soybean_sprouts, tofu with soy_sauce, vegetable_oil; 194 g, no sweet/snack/drink cue in the fields"
th_043,แกงเลียงกุ้ง,savory,savory,high,false,"meal dish: main pumpkin, shrimp, maenglak with fish_sauce, shrimp_paste; 190 g, no sweet/snack/drink cue in the fields"
th_044,ไก่ผัดเม็ดมะม่วงหิมพานต์,savory,savory,high,false,"meal dish: main chicken, cashew, onion with oyster_sauce, soy_sauce, vegetable_oil; 214 g, no sweet/snack/drink cue in the fields"
th_045,ข้าวผัดสับปะรดกุ้ง,savory,savory,high,false,"meal dish: main rice, pineapple, shrimp with yellow_curry_paste, fish_sauce, sugar; 347 g, no sweet/snack/drink cue in the fields"
th_046,ยำส้มโอ,savory,savory,high,false,"meal dish: main pomelo, shrimp with chili_paste, fish_sauce, sugar; 164 g, no sweet/snack/drink cue in the fields"
th_047,ข้าวผัดอเมริกัน,savory,savory,high,false,"meal dish: main rice, sausage with butter, sugar, salt; 275 g, no sweet/snack/drink cue in the fields"
th_048,แกงขนุนอ่อนใส่หมู,savory,savory,high,false,"meal dish: main jackfruit, pork with shrimp_paste, fish_sauce; 214 g, no sweet/snack/drink cue in the fields"
th_049,กล้วยบวชชี,dessert,dessert,high,false,"sweet confection: main banana; sweet cues coconut_milk, sugar; no drink/snack cue in notes"
th_050,ข้าวเหนียวมะม่วง,dessert,dessert,high,false,"sweet confection: main glutinous_rice, mango; sweet cues coconut_milk, sugar; no drink/snack cue in notes"
th_051,ข้าวเหนียวทุเรียน,dessert,dessert,high,false,"sweet confection: main glutinous_rice, durian; sweet cues coconut_milk, sugar; no drink/snack cue in notes"
th_052,มันสำปะหลังเชื่อม,dessert,dessert,high,false,"sweet confection: main cassava; sweet cues coconut_milk, sugar; no drink/snack cue in notes"
th_053,แกงบวดเผือก,dessert,dessert,high,false,"sweet confection: main taro_root, pumpkin; sweet cues coconut_milk, sugar; no drink/snack cue in notes"
th_054,กล้วยลิ้นจี่กะทิ,dessert,dessert,high,false,"sweet confection: main banana, lychee; sweet cues coconut_milk, sugar; no drink/snack cue in notes"
th_055,ยำวุ้นเส้นทะเล,savory,savory,high,false,"meal dish: main glass_noodle, minced_meat, shrimp with fish_sauce, sugar; 250 g, no sweet/snack/drink cue in the fields"
th_056,หอยลายผัดพริกเผา,savory,savory,high,false,"meal dish: main clam, holy_basil with chili_paste, fish_sauce, vegetable_oil; 181 g, no sweet/snack/drink cue in the fields"
th_057,ผัดฉ่าหอยแมลงภู่,savory,savory,high,false,"meal dish: main mussel, holy_basil with chili_paste, fish_sauce, sugar; 185 g, no sweet/snack/drink cue in the fields"
th_058,ไข่ลูกเขย,savory,savory,high,false,"meal dish: main quail_egg, shallot with fish_sauce, sugar, tamarind_paste; 113 g, no sweet/snack/drink cue in the fields"
th_061,แกงจืดฟักเขียวหมูสับ,savory,savory,high,false,"meal dish: main winter_melon, minced_meat with salt, pepper, soy_sauce; 217 g, no sweet/snack/drink cue in the fields"
th_062,ยำถั่วพู,savory,savory,high,false,"meal dish: main winged_bean, shrimp with fish_sauce, sugar; 182 g, no sweet/snack/drink cue in the fields"
th_063,ผัดมะรุมไข่,savory,savory,high,false,"meal dish: main moringa, egg with fish_sauce, vegetable_oil; 171 g, no sweet/snack/drink cue in the fields"
th_064,แกงขี้เหล็ก,savory,savory,high,false,"meal dish: main senna_siamea, pork with shrimp_paste, fish_sauce; 194 g, no sweet/snack/drink cue in the fields"
th_065,ผัดหน่อไม้ไข่,savory,savory,high,false,"meal dish: main bamboo_shoots, egg with fish_sauce, vegetable_oil; 171 g, no sweet/snack/drink cue in the fields"
th_066,ยำหัวปลีกุ้ง,savory,savory,high,false,"meal dish: main banana_flower, shrimp with fish_sauce, sugar; 163 g, no sweet/snack/drink cue in the fields"
th_067,ตำมะละกอกุ้งสด,savory,savory,high,false,"meal dish: main green_papaya, tomato, yardlong_bean with fish_sauce, sugar; 188 g, no sweet/snack/drink cue in the fields"
th_068,ผัดตำลึงไข่,savory,savory,high,false,"meal dish: main ivy_gourd, egg with fish_sauce, vegetable_oil; 191 g, no sweet/snack/drink cue in the fields"
th_069,ผักกาดขาวผัดหมูสับ,savory,savory,high,false,"meal dish: main napa_cabbage, minced_meat with oyster_sauce, soy_sauce, vegetable_oil; 213 g, no sweet/snack/drink cue in the fields"
th_070,ผัดพริกขิงถั่วแขกกุ้ง,savory,savory,high,false,"meal dish: main green_bean, shrimp with red_curry_paste, vegetable_oil, fish_sauce; 211 g, no sweet/snack/drink cue in the fields"
th_071,ต้มจืดหัวไชเท้าหมูสับ,savory,savory,high,false,"meal dish: main white_radish, minced_meat with soy_sauce, salt, pepper; 216 g, no sweet/snack/drink cue in the fields"
th_072,ผัดกระเจี๊ยบเขียวไข่,savory,savory,high,false,"meal dish: main okra, egg with vegetable_oil, soy_sauce; 190 g, no sweet/snack/drink cue in the fields"
th_074,ยำมันแกว,savory,savory,high,false,"meal dish: main jicama, peanuts with fish_sauce, sugar; 159 g, no sweet/snack/drink cue in the fields"
th_075,ข้าวโพดคลุกเนย,savory,snack,high,false,notes call it a Thai night-market street snack; main corn with milk-butter-sugar coating
th_076,ผัดผักปลังน้ำมันหอย,savory,savory,high,false,"meal dish: main malabar_spinach, garlic with oyster_sauce, vegetable_oil; 174 g, no sweet/snack/drink cue in the fields"
th_077,ผัดมะเขือเปราะหมูสับ,savory,savory,high,false,"meal dish: main thai_eggplant, pork with soy_sauce, vegetable_oil, fish_sauce; 221 g, no sweet/snack/drink cue in the fields"
th_078,ต้มยำเห็ดรวม,savory,savory,high,false,"meal dish: main shiitake, enoki, king_oyster with fish_sauce, chili_paste; 240 g, no sweet/snack/drink cue in the fields"
th_079,ผัดผักกวางตุ้งน้ำมันหอย,savory,savory,high,false,"meal dish: main bok_choy, garlic with oyster_sauce, vegetable_oil, sugar; 177 g, no sweet/snack/drink cue in the fields"
th_080,ต้มยำปลาใส่ผักชีลาว,savory,savory,high,false,"meal dish: main fish, dill with fish_sauce; 175 g, no sweet/snack/drink cue in the fields"
th_081,เมี่ยงคำ,savory,snack,medium,true,"main piper_lolot+peanuts, 103 g leaf-wrapped bite (miang kham); appetizer-type finger food, not a meal"
th_082,ไก่ห่อใบเตยทอด,savory,savory,high,false,"meal dish: main chicken, pandan_leaf with soy_sauce, oyster_sauce, sugar; 153 g, no sweet/snack/drink cue in the fields"
th_083,ไก่ทอดขมิ้น,savory,savory,high,false,"meal dish: main chicken, turmeric, garlic with fish_sauce, vegetable_oil, pepper; 152 g, no sweet/snack/drink cue in the fields"
th_084,สลัดมันฝรั่ง,savory,savory,high,false,"meal dish: main potato, egg with mayonnaise, salt, pepper; 236 g, no sweet/snack/drink cue in the fields"
th_085,หน่อไม้ฝรั่งผัดกุ้ง,savory,savory,high,false,"meal dish: main asparagus, shrimp with oyster_sauce, soy_sauce, vegetable_oil; 239 g, no sweet/snack/drink cue in the fields"
th_086,น้ำเต้าผัดไข่,savory,savory,high,false,"meal dish: main bottle_gourd, egg with soy_sauce, fish_sauce, vegetable_oil; 231 g, no sweet/snack/drink cue in the fields"
th_087,ถั่วลันเตาผัดกุนเชียง,savory,savory,high,false,"meal dish: main green_peas, sausage with soy_sauce, oyster_sauce, vegetable_oil; 194 g, no sweet/snack/drink cue in the fields"
th_088,แกงปลาดุกใบยี่หร่า,savory,savory,high,false,"meal dish: main fish, clove_basil with red_curry_paste, coconut_milk, fish_sauce; 253 g, no sweet/snack/drink cue in the fields"
th_089,ผักโขมผัดเต้าหู้กระเทียม,savory,savory,high,false,"meal dish: main amaranth, tofu, garlic with soy_sauce, vegetable_oil; 230 g, no sweet/snack/drink cue in the fields"
th_090,เงาะลอยแก้ว,dessert,dessert,high,false,sweet confection: main rambutan; sweet cues sugar; no drink/snack cue in notes
th_091,มะขามคลุก,dessert,snack,medium,false,"main tamarind+chili with sugar; a sweet-sour-spicy fruit snack, not a confection"
th_092,กล้วยเชื่อม,dessert,dessert,high,false,sweet confection: main banana; sweet cues sugar; no drink/snack cue in notes
th_093,ถั่วตัด,dessert,dessert,medium,true,"main peanuts + sugar (peanut brittle), 922 kcal per 180 g; a sweet confection but also eaten as a snack"
th_094,เม็ดมะม่วงหิมพานต์อบกะทิ,dessert,dessert,low,true,"cashew baked with coconut_milk+sugar; sweet nut treat, notes give no dessert/snack cue"
th_095,สังขยาฟักทอง,dessert,dessert,high,false,"sweet confection: main pumpkin, egg; sweet cues coconut_milk, sugar; no drink/snack cue in notes"
th_096,ทองหยอด,dessert,dessert,high,false,sweet confection: main egg; sweet cues sugar; no drink/snack cue in notes
th_097,กุ้งผัดฟักแม้ว,savory,savory,high,false,"meal dish: main chayote, shrimp with oyster_sauce, soy_sauce, vegetable_oil; 239 g, no sweet/snack/drink cue in the fields"
th_098,สปาเกตตีผัดขี้เมา,savory,savory,high,false,"meal dish: main spaghetti, pork, holy_basil with oyster_sauce, fish_sauce, vegetable_oil; 263 g, no sweet/snack/drink cue in the fields"
th_099,ผัดถั่วแปบ,savory,savory,high,false,"meal dish: main hyacinth_bean, garlic with oyster_sauce, soy_sauce, vegetable_oil; 157 g, no sweet/snack/drink cue in the fields"
th_100,ขนมหม้อแกงเผือก,dessert,dessert,high,false,"sweet confection: main taro_root, egg; sweet cues coconut_milk, sugar; no drink/snack cue in notes"
th_101,แกงบวดฟักทอง,dessert,dessert,high,false,"sweet confection: main pumpkin; sweet cues coconut_milk, sugar; no drink/snack cue in notes"
th_102,แกงบวดมันเทศ,dessert,dessert,high,false,"sweet confection: main sweet_potato; sweet cues coconut_milk, sugar; no drink/snack cue in notes"
th_103,กล้วยปิ้ง,dessert,dessert,medium,true,"grilled banana with coconut_milk+sugar+butter; sweet, but grilled banana is also a street snack"
th_104,เผือกทอด,dessert,snack,high,false,notes: 'deep-fried then tossed in caramelized sugar -- a snack'; main taro_root only
th_105,มันทอด,dessert,snack,medium,false,"main sweet_potato, seasonings oil+sugar; fried tuber pieces in a syrup glaze (notes), no confection structure"
th_106,สับปะรดจิ้มพริกเกลือ,dessert,snack,high,false,"notes: chili-salt fruit dip; main pineapple+chili, only sugar seasoning; fruit with a dip"
th_107,มะม่วงน้ำปลาหวาน,dessert,snack,high,false,"notes: 'a sweet-salty fruit dip, not a plain dessert'; main mango with fish_sauce/shrimp_paste dip"
th_108,ฝอยทอง,dessert,dessert,high,false,sweet confection: main egg; sweet cues sugar; no drink/snack cue in notes
th_109,สังขยาข้าวโพด,dessert,dessert,high,false,"sweet confection: main corn, egg; sweet cues coconut_milk, sugar; no drink/snack cue in notes"
th_110,ทุเรียนกวน,dessert,dessert,medium,false,"notes: durian-and-sugar paste cooked down to a candy; main durian + sugar, sweet confection"
th_111,มะม่วงกวน,dessert,dessert,medium,false,"notes: ripe mango cooked into a fruit-leather candy; main mango + sugar, sweet confection"
th_112,ขนุนทอด,dessert,snack,high,false,notes: thinly sliced jackfruit deep-fried into chips; only seasoning vegetable_oil
th_113,กล้วยฉาบ,dessert,snack,high,false,"notes: deep-fried sugar-glazed banana chips, a 'chip snack'; main banana"
th_114,เผือกฉาบ,dessert,snack,high,false,"notes: taro chip snack; main taro_root, seasonings oil+sugar"
th_115,มันฉาบ,dessert,snack,high,false,"notes: third of the three ฉาบ chip snacks; main sweet_potato, seasonings oil+sugar"
th_116,ลิ้นจี่ลอยแก้ว,dessert,dessert,high,false,sweet confection: main lychee; sweet cues sugar; no drink/snack cue in notes
th_117,สับปะรดลอยแก้ว,dessert,dessert,high,false,sweet confection: main pineapple; sweet cues sugar; no drink/snack cue in notes
th_118,สังขยามะพร้าวอ่อน,dessert,dessert,high,false,"sweet confection: main coconut, egg; sweet cues coconut_milk, sugar; no drink/snack cue in notes"
th_119,ข้าวเหนียวมูน,dessert,dessert,high,false,"sweet confection: main glutinous_rice; sweet cues coconut_milk, sugar; no drink/snack cue in notes"
th_120,ข้าวต้มมัด,dessert,dessert,high,false,"sweet confection: main glutinous_rice, banana; sweet cues coconut_milk; no drink/snack cue in notes"
th_121,ข้าวเหนียวแดง,dessert,dessert,high,false,"sweet confection: main glutinous_rice; sweet cues sugar, coconut_milk; no drink/snack cue in notes"
th_122,ข้าวเหนียวเปียกข้าวโพด,dessert,dessert,high,false,"sweet confection: main glutinous_rice, corn; sweet cues coconut_milk, sugar; no drink/snack cue in notes"
th_123,ข้าวเหนียวสังขยา,dessert,dessert,high,false,"sweet confection: main glutinous_rice, egg; sweet cues coconut_milk, sugar; no drink/snack cue in notes"
th_124,ข้าวเหนียวปิ้ง,dessert,dessert,medium,false,"main glutinous_rice+banana with coconut_milk, grilled in banana leaf; sweet sticky-rice khanom"
th_125,ลอดช่อง,dessert,dessert,high,false,"sweet confection: main rice_flour; sweet cues coconut_milk, sugar; no drink/snack cue in notes"
th_126,ขนมชั้น,dessert,dessert,high,false,"sweet confection: main rice_flour, tapioca_starch; sweet cues coconut_milk, sugar; no drink/snack cue in notes"
th_127,ตะโก้เผือก,dessert,dessert,high,false,"sweet confection: main taro_root, rice_flour; sweet cues coconut_milk, sugar; no drink/snack cue in notes"
th_128,ตะโก้ข้าวโพด,dessert,dessert,high,false,"sweet confection: main corn, rice_flour; sweet cues coconut_milk, sugar; no drink/snack cue in notes"
th_129,ขนมเปียกปูน,dessert,dessert,high,false,"sweet confection: main rice_flour; sweet cues coconut_milk, sugar; no drink/snack cue in notes"
th_130,ขนมกล้วย,dessert,dessert,high,false,"sweet confection: main banana, rice_flour; sweet cues coconut_milk, sugar; no drink/snack cue in notes"
th_131,ขนมถ้วยฟู,dessert,dessert,high,false,"sweet confection: main rice_flour; sweet cues coconut_milk, sugar; no drink/snack cue in notes"
th_132,ขนมใส่ไส้,dessert,dessert,high,false,"sweet confection: main rice_flour, coconut; sweet cues coconut_milk, sugar; no drink/snack cue in notes"
th_133,กล้วยแขก,dessert,snack,medium,true,"main banana+rice_flour, seasonings oil+sugar, deep-fried batter fritter; street snack, but sweet enough to be a dessert"
th_134,ทองม้วน,dessert,dessert,medium,false,"main rice_flour+egg with coconut_milk+sugar, rolled wafer; sweet khanom, also eaten as a snack"
th_135,บัวลอยไข่หวาน,dessert,dessert,high,false,"sweet confection: main glutinous_rice_flour, egg; sweet cues coconut_milk, sugar; no drink/snack cue in notes"
th_136,ขนมเทียน,dessert,dessert,high,false,"sweet confection: main glutinous_rice_flour, mung_bean; sweet cues coconut_milk, sugar; no drink/snack cue in notes"
th_137,ขนมต้ม,dessert,dessert,high,false,"sweet confection: main glutinous_rice_flour, coconut; sweet cues sugar; no drink/snack cue in notes"
th_138,ขนมจาก,dessert,dessert,high,false,"sweet confection: main glutinous_rice_flour, coconut; sweet cues sugar; no drink/snack cue in notes"
th_139,เม็ดขนุน,dessert,dessert,high,false,"sweet confection: main mung_bean, egg; sweet cues coconut_milk, sugar; no drink/snack cue in notes"
th_140,ถั่วเขียวต้มน้ำตาล,dessert,dessert,high,false,sweet confection: main mung_bean; sweet cues sugar; no drink/snack cue in notes
th_141,ขนมหม้อแกงถั่ว,dessert,dessert,high,false,"sweet confection: main mung_bean, egg; sweet cues coconut_milk, sugar; no drink/snack cue in notes"
th_142,สาคูเปียก,dessert,dessert,high,false,"sweet confection: main tapioca_pearl; sweet cues coconut_milk, sugar; no drink/snack cue in notes"
th_143,ทับทิมกรอบ,dessert,dessert,high,false,"sweet confection: main water_chestnut, tapioca_starch; sweet cues coconut_milk, sugar; no drink/snack cue in notes"
th_144,คุกกี้ถั่วลิสงจีน,dessert,dessert,medium,false,"main peanuts+wheat_flour with sugar; sweet baked cookie, could also be read as a snack"
th_145,บราวนี่,dessert,dessert,high,false,"sweet confection: main egg, wheat_flour, cocoa_powder; sweet cues sugar; no drink/snack cue in notes"
th_146,เค้กกล้วยหอม,dessert,dessert,high,false,"sweet confection: main banana, wheat_flour, egg; sweet cues sugar; no drink/snack cue in notes"
th_147,เค้กช็อกโกแลต,dessert,dessert,high,false,"sweet confection: main egg, wheat_flour, cocoa_powder; sweet cues sugar; no drink/snack cue in notes"
th_148,โรตีกล้วยหอม,dessert,dessert,medium,false,notes: street banana roti finished with a condensed-milk drizzle; main banana+egg+wheat_flour with sugar+milk
th_149,ทาร์ตไข่,dessert,dessert,high,false,"sweet confection: main egg, wheat_flour; sweet cues sugar; no drink/snack cue in notes"
th_150,ชีสเค้กมะม่วง,dessert,dessert,high,false,"sweet confection: main mango, wheat_flour; sweet cues sugar; no drink/snack cue in notes"
th_151,ขนมปังชุบไข่ทอด,dessert,dessert,low,true,main egg+bread with butter+sugar+milk (French toast); notes call it a breakfast/dessert menu item
th_152,พุดดิ้งขนมปัง,dessert,dessert,high,false,"sweet confection: main egg, bread; sweet cues sugar; no drink/snack cue in notes"
th_153,คัสตาร์ดคาราเมล,dessert,dessert,high,false,sweet confection: main egg; sweet cues sugar; no drink/snack cue in notes
th_154,ซุปหน่อไม้,savory,savory,high,false,"meal dish: main bamboo_shoots with yanang, pla_ra, fish_sauce; 190 g, no sweet/snack/drink cue in the fields"
th_155,แกงมะรุมปลา,savory,savory,high,false,"meal dish: main moringa, fish with sour_curry_paste, fish_sauce, sugar; 170 g, no sweet/snack/drink cue in the fields"
th_156,แกงอ่อมเนื้อ,savory,savory,high,false,"meal dish: main beef with pla_ra, fish_sauce; 260 g, no sweet/snack/drink cue in the fields"
th_157,ก้อยกุ้ง,savory,savory,high,false,"meal dish: main shrimp with fish_sauce, roasted_rice_powder; 110 g, no sweet/snack/drink cue in the fields"
th_158,แกงจืดมะระยัดไส้หมูสับ,savory,savory,high,false,"meal dish: main bitter_gourd, minced_meat with soy_sauce, oyster_sauce, pepper; 220 g, no sweet/snack/drink cue in the fields"
th_159,ผัดบวบใส่ไข่,savory,savory,high,false,"meal dish: main sponge_gourd, egg with soy_sauce, sugar; 215 g, no sweet/snack/drink cue in the fields"
th_160,ยำผักกาดหอม,savory,savory,high,false,"meal dish: main lettuce, shrimp with fish_sauce, sugar; 213 g, no sweet/snack/drink cue in the fields"
th_161,ขนมเปียกปูนใบเตย,dessert,dessert,high,false,"sweet confection: main rice_flour, pandan_leaf; sweet cues sugar, coconut_milk; no drink/snack cue in notes"
th_162,ขนมกุยช่าย,savory,savory,high,false,"notes: 'savory steamed dumpling, not a dessert'; mains chives+tapioca_starch with soy_sauce; meal-like savory item (kept savory by the definition)"
th_163,ปลาทอดราดซอสมะขาม,savory,savory,high,false,"meal dish: main fish, tamarind with fish_sauce, sugar; 175 g, no sweet/snack/drink cue in the fields"
th_164,ไข่พะโล้ใส่ไข่นกกระทา,savory,savory,high,false,"meal dish: main quail_egg with soy_sauce, dark_soy_sauce, sugar; 110 g, no sweet/snack/drink cue in the fields"
th_165,ผัดมันแกว,savory,savory,high,false,"meal dish: main jicama, pork, egg with soy_sauce, sugar; 350 g, no sweet/snack/drink cue in the fields"
th_166,แกงคั่วซี่โครงหมูใบมะกรูด,savory,savory,high,false,"meal dish: main pork, kaffir_lime_leaf with red_curry_paste, coconut_milk, fish_sauce; 205 g, no sweet/snack/drink cue in the fields"
th_167,ไก่ทอดใบมะกรูด,savory,savory,high,false,"meal dish: main chicken, kaffir_lime_leaf with red_curry_paste, fish_sauce, sugar; 256 g, no sweet/snack/drink cue in the fields"
th_168,หมูสับผัดโหระพา,savory,savory,high,false,"meal dish: main minced_meat, basil with oyster_sauce, soy_sauce, sugar; 190 g, no sweet/snack/drink cue in the fields"
th_169,ปลาทูผัดใบโหระพา,savory,savory,high,false,"meal dish: main fish, basil with soy_sauce, oyster_sauce, sugar; 195 g, no sweet/snack/drink cue in the fields"
th_170,หมูผัดขึ้นฉ่าย,savory,savory,high,false,"meal dish: main pork, celery with fish_sauce, oyster_sauce, soy_sauce; 250 g, no sweet/snack/drink cue in the fields"
th_171,ปลากระพงผัดขึ้นฉ่าย,savory,savory,high,false,"meal dish: main fish, celery with soy_sauce, oyster_sauce, sugar; 220 g, no sweet/snack/drink cue in the fields"
th_172,ปลานึ่งมะนาว,savory,savory,high,false,"meal dish: main fish, lime with fish_sauce, sugar; 245 g, no sweet/snack/drink cue in the fields"
th_173,มะนาวดอง,savory,savory,low,true,"notes: brined whole limes used as a condiment with grilled meat or in tom yum; a preserve, fits none of the four types well"
th_174,หอมเจียว,savory,savory,medium,true,"notes: crispy fried shallot topping/condiment for rice, noodles and salads; savory but a topping, not a dish"
th_175,ไก่ผัดขิงกับเห็ดหูหนู,savory,savory,high,false,"meal dish: main chicken, ginger with oyster_sauce, soy_sauce, dark_soy_sauce; 255 g, no sweet/snack/drink cue in the fields"
th_176,หมูผัดพริกหยวก,savory,savory,high,false,"meal dish: main pork, bell_pepper with oyster_sauce, soy_sauce, sugar; 320 g, no sweet/snack/drink cue in the fields"
th_177,แกงจืดผักกาดขาวหมูสับ,savory,savory,high,false,"meal dish: main napa_cabbage, minced_meat with soy_sauce, salt, pepper; 255 g, no sweet/snack/drink cue in the fields"
th_178,ผัดบรอกโคลีกุ้ง,savory,savory,high,false,"meal dish: main broccoli, shrimp with oyster_sauce, soy_sauce, sugar; 245 g, no sweet/snack/drink cue in the fields"
th_179,ส้มตำไทย,savory,savory,high,false,"meal dish: main green_papaya, dried_shrimp with fish_sauce, sugar; 213 g, no sweet/snack/drink cue in the fields"
th_180,ยำถั่วพูกุ้งแห้ง,savory,savory,high,false,"meal dish: main winged_bean, dried_shrimp with fish_sauce, sugar, coconut_milk; 385 g, no sweet/snack/drink cue in the fields"
th_181,ผัดเห็ดรวม 5 สหาย,savory,savory,high,false,"meal dish: main enoki, shiitake, king_oyster with oyster_sauce, sugar; 240 g, no sweet/snack/drink cue in the fields"
th_182,ปลาหมึกผัดกระเทียมพริกไทย,savory,savory,high,false,"meal dish: main squid with oyster_sauce, fish_sauce, sugar; 170 g, no sweet/snack/drink cue in the fields"
th_183,ต้มยำปลาหมึกน้ำใส,savory,savory,high,false,"meal dish: main squid with fish_sauce; 155 g, no sweet/snack/drink cue in the fields"
th_184,หอยลายผัดน้ำพริกเผา,savory,savory,high,false,"meal dish: main clam with chili_paste, oyster_sauce, soy_sauce; 245 g, no sweet/snack/drink cue in the fields"
th_185,ออส่วน,savory,savory,high,false,"meal dish: main oyster, egg with oyster_sauce, fish_sauce, sugar; 260 g, no sweet/snack/drink cue in the fields"
th_186,ปูผัดผงกะหรี่,savory,savory,high,false,"meal dish: main crab, egg with yellow_curry_paste, oyster_sauce, chili_paste; 403 g, no sweet/snack/drink cue in the fields"
th_187,หอยแมลงภู่อบสมุนไพร,savory,savory,high,false,"meal dish: main mussel with salt; 250 g, no sweet/snack/drink cue in the fields"
th_188,คะน้าหมูกรอบ,savory,savory,high,false,"meal dish: main chinese_kale, pork with oyster_sauce, soy_sauce, sugar; 265 g, no sweet/snack/drink cue in the fields"
th_189,กวางตุ้งผัดน้ำมันหอย,savory,savory,high,false,"meal dish: main bok_choy with oyster_sauce, soy_sauce, sugar; 235 g, no sweet/snack/drink cue in the fields"
th_190,แกงจืดหัวไชเท้าหมูสับ,savory,savory,high,false,"meal dish: main white_radish, minced_meat with soy_sauce, fish_sauce, pepper; 265 g, no sweet/snack/drink cue in the fields"
th_191,ผัดเห็ดแชมปิญองใส่หมูสับ,savory,savory,high,false,"meal dish: main button, minced_meat with oyster_sauce, pepper; 230 g, no sweet/snack/drink cue in the fields"
th_192,เห็ดนางรมคั่วพริกเกลือ,savory,savory,high,false,"meal dish: main white_oyster with salt; 200 g, no sweet/snack/drink cue in the fields"
th_193,หมูสับห่อใบชะพลูทอด,savory,savory,high,false,"meal dish: main piper_lolot, minced_meat with soy_sauce, oyster_sauce, pepper; 220 g, no sweet/snack/drink cue in the fields"
th_194,ยำหมูย่างมะเขือเปราะ,savory,savory,high,false,"meal dish: main thai_eggplant, pork with fish_sauce, sugar, soy_sauce; 235 g, no sweet/snack/drink cue in the fields"
th_195,กระเจี๊ยบเขียวผัดไข่,savory,savory,high,false,"meal dish: main okra, egg with fish_sauce, soy_sauce, pepper; 250 g, no sweet/snack/drink cue in the fields"
th_196,แกงจืดฟักซี่โครงหมู,savory,savory,high,false,"meal dish: main winter_melon, pork with soy_sauce, salt, pepper; 260 g, no sweet/snack/drink cue in the fields"
th_197,ผัดถั่วลันเตากุ้ง,savory,savory,high,false,"meal dish: main green_peas, shrimp with oyster_sauce, soy_sauce, sugar; 235 g, no sweet/snack/drink cue in the fields"
th_198,ผัดผักบุ้งไฟแดง,savory,savory,high,false,"meal dish: main water_spinach with chili_paste, oyster_sauce, soy_sauce; 175 g, no sweet/snack/drink cue in the fields"
th_199,แกงจืดตำลึงหมูสับ,savory,savory,high,false,"meal dish: main ivy_gourd, minced_meat with soy_sauce, fish_sauce, sugar; 245 g, no sweet/snack/drink cue in the fields"
th_200,หน่อไม้ฝรั่งผัดหมู,savory,savory,high,false,"meal dish: main asparagus, pork with oyster_sauce, soy_sauce, sugar; 315 g, no sweet/snack/drink cue in the fields"
th_201,ยำส้มโอกุ้งสด,savory,savory,high,false,"meal dish: main pomelo, shrimp with fish_sauce, sugar, chili_paste; 220 g, no sweet/snack/drink cue in the fields"
th_202,เงาะสอดไส้สับปะรดลอยแก้ว,dessert,dessert,high,false,"sweet confection: main rambutan, pineapple; sweet cues sugar; no drink/snack cue in notes"
th_203,ข้าวหมกไก่,savory,savory,high,false,"meal dish: main chicken, rice, turmeric with yellow_curry_paste, salt, sugar; 350 g, no sweet/snack/drink cue in the fields"
th_204,ผัดถั่วแขกหมูสับ,savory,savory,high,false,"meal dish: main green_bean, minced_meat with oyster_sauce, soy_sauce, salt; 315 g, no sweet/snack/drink cue in the fields"
th_205,ต้มจืดผักโขมหมูสับ,savory,savory,high,false,"meal dish: main amaranth, minced_meat with soy_sauce, fish_sauce, pepper; 240 g, no sweet/snack/drink cue in the fields"
th_206,ทอดมันหัวปลีใส่หมูสับ,savory,savory,high,false,"meal dish: main banana_flower, minced_meat with red_curry_paste, fish_sauce; 275 g, no sweet/snack/drink cue in the fields"
th_207,ผัดถั่วงอกเต้าหู้,savory,savory,high,false,"meal dish: main soybean_sprouts, tofu with oyster_sauce, soy_sauce; 285 g, no sweet/snack/drink cue in the fields"
th_208,ขนมมันสำปะหลังนึ่งมะพร้าว,dessert,dessert,high,false,"sweet confection: main cassava, coconut; sweet cues sugar; no drink/snack cue in notes"
th_209,ส้มโอลอยแก้ว,dessert,dessert,high,false,sweet confection: main pomelo; sweet cues sugar; no drink/snack cue in notes
th_210,ข้าวเหนียวดำเปียก,dessert,dessert,high,false,"sweet confection: main glutinous_rice; sweet cues coconut_milk, sugar; no drink/snack cue in notes"
th_211,ขนมครก,dessert,dessert,high,false,"sweet confection: main rice_flour; sweet cues coconut_milk, sugar; no drink/snack cue in notes"
th_212,ขนมถ้วย,dessert,dessert,high,false,"sweet confection: main rice_flour; sweet cues coconut_milk, sugar; no drink/snack cue in notes"
th_213,ปลากริมไข่เต่า,dessert,dessert,high,false,"sweet confection: main rice_flour, tapioca_starch; sweet cues coconut_milk, sugar; no drink/snack cue in notes"
th_214,มะพร้าวแก้ว,dessert,dessert,high,false,sweet confection: main coconut; sweet cues sugar; no drink/snack cue in notes
th_215,เค้กแครอท,dessert,dessert,high,false,"sweet confection: main carrot, wheat_flour, egg; sweet cues sugar; no drink/snack cue in notes"
th_216,สาคูมะพร้าวอ่อน,dessert,dessert,high,false,"sweet confection: main tapioca_pearl, coconut; sweet cues sugar, coconut_milk; no drink/snack cue in notes"
th_217,ขนมปุยฝ้าย,dessert,dessert,high,false,"sweet confection: main egg, wheat_flour; sweet cues sugar; no drink/snack cue in notes"
th_218,ฟักแม้วผัดไข่,savory,savory,high,false,"meal dish: main chayote, egg with fish_sauce, oyster_sauce, sugar; 195 g, no sweet/snack/drink cue in the fields"
th_219,ไข่เจียวผักชีลาว,savory,savory,high,false,"meal dish: main dill, egg with fish_sauce; 135 g, no sweet/snack/drink cue in the fields"
th_220,ผัดถั่วแปบ,savory,savory,high,false,"meal dish: main hyacinth_bean, pork with fish_sauce, shrimp_paste; 200 g, no sweet/snack/drink cue in the fields"
th_221,น้ำจิ้มผักชี,savory,savory,medium,true,"notes: blended coriander dipping sauce, 75 g, 'not a cooked main dish'; a savory condiment"
th_222,ต้มจืดน้ำเต้าหมูสับ,savory,savory,high,false,"meal dish: main bottle_gourd, minced_meat with soy_sauce, pepper; 260 g, no sweet/snack/drink cue in the fields"
th_223,ปวยเล้งผัดไข่,savory,savory,high,false,"meal dish: main spinach, egg with oyster_sauce, salt; 215 g, no sweet/snack/drink cue in the fields"
th_224,ผัดหน่อไม้ใส่ใบแมงลักหมูสามชั้น,savory,savory,high,false,"meal dish: main maenglak, bamboo_shoots, pork with fish_sauce, soy_sauce, oyster_sauce; 250 g, no sweet/snack/drink cue in the fields"
th_225,หมูสับผัดใบยี่หร่าพริกแห้ง,savory,savory,high,false,"meal dish: main clove_basil, minced_meat with fish_sauce, dark_soy_sauce, sugar; 243 g, no sweet/snack/drink cue in the fields"
th_226,แกงผักปลัง,savory,savory,high,false,"meal dish: main malabar_spinach, tomato with shrimp_paste, fish_sauce; 225 g, no sweet/snack/drink cue in the fields"
th_227,แกงขี้เหล็กปลาย่าง,savory,savory,high,false,"meal dish: main senna_siamea, fish with coconut_milk, red_curry_paste, shrimp_paste; 240 g, no sweet/snack/drink cue in the fields"
th_228,ทุเรียนทอด,dessert,snack,high,false,notes: thin durian slices deep-fried; only seasoning salt; fried fruit chips
th_229,ขนุนลอยแก้ว,dessert,dessert,high,false,sweet confection: main jackfruit; sweet cues sugar; no drink/snack cue in notes
th_230,คุกกี้เม็ดมะม่วงหิมพานต์,dessert,dessert,high,false,"sweet confection: main cashew, wheat_flour; sweet cues sugar; no drink/snack cue in notes"
th_231,มะขามแก้ว,dessert,dessert,medium,false,"main tamarind pulp cooked down with sugar+salt (candied tamarind), 608 kcal per 175 g; sweet confection"
th_232,ฟักทองทอด,dessert,snack,medium,true,"main pumpkin+wheat_flour, grated pumpkin in a sweet fried batter; fritter like th_133, but the notes call it a dessert"
th_233,ตะโก้แครอท,dessert,dessert,high,false,"sweet confection: main carrot, rice_flour; sweet cues coconut_milk, sugar; no drink/snack cue in notes"
th_234,สับปะรดกวน,dessert,dessert,medium,false,main pineapple cooked down with sugar+salt into a paste; sweet preserve-type confection
th_235,เนื้อผัดน้ำมันหอย,savory,savory,high,false,"meal dish: main beef with oyster_sauce, soy_sauce, sugar; 175 g, no sweet/snack/drink cue in the fields"
th_236,ไส้กรอกอีสาน,savory,savory,high,false,"meal dish: main sausage with no seasonings; 200 g, no sweet/snack/drink cue in the fields"
th_237,หอยตลับผัดฉ่า,savory,savory,high,false,"meal dish: main clam with chili_paste, oyster_sauce, fish_sauce; 235 g, no sweet/snack/drink cue in the fields"
th_238,ยำหอยแมลงภู่,savory,savory,high,false,"meal dish: main mussel with fish_sauce, sugar; 165 g, no sweet/snack/drink cue in the fields"
th_239,ยำหอยนางรม,savory,savory,high,false,"meal dish: main oyster with chili_paste, fish_sauce, sugar; 145 g, no sweet/snack/drink cue in the fields"
th_240,ปูผัดพริกไทยดำ,savory,savory,high,false,"meal dish: main crab with oyster_sauce, dark_soy_sauce, sugar; 225 g, no sweet/snack/drink cue in the fields"
th_241,หมูสามชั้นผัดขิง,savory,savory,high,false,"meal dish: main pork, ginger with oyster_sauce, dark_soy_sauce, sugar; 265 g, no sweet/snack/drink cue in the fields"
th_242,น้ำมะนาว,dessert,drink,high,false,"notes: 'a drink'; main lime with sugar+salt, 90 g"
th_243,มันสำปะหลังปิ้งราดน้ำกะทิ,dessert,dessert,medium,false,"main cassava, grilled and topped with a sweet coconut_milk+sugar sauce; sweet khanom"
th_244,มะม่วงแช่อิ่ม,dessert,dessert,medium,false,"main mango with sugar+salt (แช่อิ่ม, sweet preserved fruit); sweet confection"
th_245,น้ำลิ้นจี่,dessert,drink,high,false,notes: lychee flesh simmered into a sweet drink/syrup; main lychee with sugar
th_246,ข้าวโพดปิ้งกะทิ,dessert,snack,medium,true,"main corn on the cob, grilled, with coconut_milk+sugar+butter; street snack, but sweet coconut topping"
th_247,ส้มตำปูปลาร้า,savory,savory,high,false,"meal dish: main green_papaya, crab with pla_ra, sugar; 240 g, no sweet/snack/drink cue in the fields"
th_248,ไข่นกกระทาลูกเขย,savory,savory,high,false,"meal dish: main quail_egg with tamarind_paste, fish_sauce, sugar; 170 g, no sweet/snack/drink cue in the fields"
th_249,ปลาหมึกย่างน้ำจิ้มซีฟู้ด,savory,savory,high,false,"meal dish: main squid with fish_sauce, sugar; 195 g, no sweet/snack/drink cue in the fields"
th_250,ยำกะหล่ำกรอบ,savory,savory,high,false,"meal dish: main cabbage with fish_sauce, sugar; 160 g, no sweet/snack/drink cue in the fields"
th_251,มะเขือยาวผัดหมูสับ,savory,savory,high,false,"meal dish: main eggplant, minced_meat with oyster_sauce, soy_sauce, sugar; 260 g, no sweet/snack/drink cue in the fields"
th_252,ผัดบล็อคโคลี่หมูสับ,savory,savory,high,false,"meal dish: main broccoli, minced_meat with oyster_sauce, soy_sauce; 260 g, no sweet/snack/drink cue in the fields"
th_253,ลาบหมู,savory,savory,high,false,"meal dish: main minced_meat, mint_leaves with fish_sauce, roasted_rice_powder, sugar; 156 g, no sweet/snack/drink cue in the fields"
th_254,ยำถั่วพูกุ้งสด,savory,savory,high,false,"meal dish: main winged_bean, shrimp with fish_sauce, coconut_milk, sugar; 294 g, no sweet/snack/drink cue in the fields"
th_255,ยำมะระจีนกุ้งสด,savory,savory,high,false,"meal dish: main bitter_gourd, shrimp with fish_sauce, sugar; 245 g, no sweet/snack/drink cue in the fields"
th_256,ผัดพริกแกงถั่วฝักยาวหมู,savory,savory,high,false,"meal dish: main yardlong_bean, pork with red_curry_paste, fish_sauce, sugar; 210 g, no sweet/snack/drink cue in the fields"
th_257,สาคูไส้หมู,savory,savory,medium,true,"notes: 'a savory steamed dumpling'; main tapioca_pearl+minced_meat, 148 g; finger-food dumpling kept savory like th_162"
th_258,ผักกาดขาวผัดน้ำปลากุ้งแห้งกรอบ,savory,savory,high,false,"meal dish: main napa_cabbage, dried_shrimp with fish_sauce, sugar; 176 g, no sweet/snack/drink cue in the fields"
th_259,ต้มจืดบวบหมูสับ,savory,savory,high,false,"meal dish: main sponge_gourd, minced_meat with soy_sauce, oyster_sauce, pepper; 231 g, no sweet/snack/drink cue in the fields"
th_260,ข้าวเหนียวขนุน,dessert,dessert,high,false,"sweet confection: main jackfruit, glutinous_rice; sweet cues coconut_milk, sugar; no drink/snack cue in notes"
th_261,แกงเหลืองปลา,savory,savory,high,false,"meal dish: main fish, turmeric with shrimp_paste, tamarind_paste, salt; 280 g, no sweet/snack/drink cue in the fields"
th_262,แกงส้มปลากระเจี๊ยบเขียว,savory,savory,high,false,"meal dish: main fish, okra with shrimp_paste, salt, sugar; 245 g, no sweet/snack/drink cue in the fields"
th_263,อาจาด,savory,savory,medium,true,"notes: sweet-sour pickled cucumber condiment served alongside fried dishes; a side/condiment, not a meal"
th_264,บัวลอยใบเตยนมสด,dessert,dessert,high,false,"sweet confection: main glutinous_rice_flour, pandan_leaf; sweet cues sugar; no drink/snack cue in notes"
th_265,แกงเขียวหวานหมูมะเขือเปราะ,savory,savory,high,false,"meal dish: main pork, thai_eggplant, kaffir_lime_leaf with green_curry_paste, coconut_milk, fish_sauce; 368 g, no sweet/snack/drink cue in the fields"
th_266,แกงจืดกวางตุ้งหมูสับ,savory,savory,high,false,"meal dish: main minced_meat, bok_choy with soy_sauce, sugar, pepper; 390 g, no sweet/snack/drink cue in the fields"
th_267,ดอกกะหล่ำทอดกรอบผัดซอสเปรี้ยวหวาน,savory,savory,high,false,"meal dish: main cauliflower with baking_powder, soy_sauce, sugar; 333 g, no sweet/snack/drink cue in the fields"
th_268,ไข่เจียวต้นหอม,savory,savory,high,false,"meal dish: main egg, green_onion with soy_sauce, pepper, vegetable_oil; 140 g, no sweet/snack/drink cue in the fields"
th_269,ไข่เจียวใบโหระพา,savory,savory,high,false,"meal dish: main egg, basil with soy_sauce, vegetable_oil; 105 g, no sweet/snack/drink cue in the fields"
th_270,พริกหยวกยัดไส้ทอด,savory,savory,high,false,"meal dish: main bell_pepper, minced_meat with pepper, sugar, soy_sauce; 265 g, no sweet/snack/drink cue in the fields"
th_271,แกงไก่ใส่ฟักเขียว,savory,savory,high,false,"meal dish: main chicken, winter_melon with red_curry_paste, coconut_milk, sugar; 440 g, no sweet/snack/drink cue in the fields"
th_272,ยำผักบุ้งกรอบ,savory,savory,high,false,"meal dish: main water_spinach, shrimp with sugar, fish_sauce, chili_paste; 300 g, no sweet/snack/drink cue in the fields"
th_273,บวดเงาะ,dessert,dessert,high,false,"sweet confection: main rambutan; sweet cues coconut_milk, sugar; no drink/snack cue in notes"
th_274,บัวลอยทุเรียน,dessert,dessert,high,false,"sweet confection: main durian, glutinous_rice_flour; sweet cues coconut_milk, sugar; no drink/snack cue in notes"
th_275,วุ้นลิ้นจี่,dessert,dessert,high,false,sweet confection: main lychee; sweet cues sugar; no drink/snack cue in notes
th_276,ขนุนกวน,dessert,dessert,medium,false,main jackfruit slow-cooked with coconut_milk+sugar into a candy-like paste; sweet confection
th_277,ขนมหม้อแกงมันเทศ,dessert,dessert,high,false,"sweet confection: main sweet_potato, egg; sweet cues coconut_milk, sugar; no drink/snack cue in notes"
th_278,เปลือกส้มโอเชื่อม,dessert,dessert,high,false,sweet confection: main pomelo; sweet cues sugar; no drink/snack cue in notes
th_279,เค้กข้าวโพดสูตรนึ่ง,dessert,dessert,high,false,"sweet confection: main corn, wheat_flour; sweet cues coconut_milk, sugar; no drink/snack cue in notes"
th_280,ขนมมันทอด,dessert,snack,medium,true,"main cassava+rice_flour, sugar-tossed balls deep-fried in batter; sweet fried fritter like th_133/th_232, named ขนม"
th_281,น้ำมะขาม,dessert,drink,high,false,"notes: 'Drink format'; main tamarind with sugar, 55 g"
th_282,ขนมสอดไส้,dessert,dessert,high,false,"sweet confection: main coconut, glutinous_rice_flour, rice_flour; sweet cues coconut_milk, sugar; no drink/snack cue in notes"
th_283,ข้าวเหนียวเปียกเผือก,dessert,dessert,high,false,"sweet confection: main taro_root, glutinous_rice; sweet cues coconut_milk, sugar; no drink/snack cue in notes"
th_284,ขนมผิง,dessert,dessert,medium,false,notes: baked crispy cookie; main egg+tapioca_starch with coconut_milk+sugar syrup; sweet khanom
th_285,แกงส้มฟักแม้วกุ้งสด,savory,savory,high,false,"meal dish: main chayote, shrimp, fish with sour_curry_paste, tamarind_paste, fish_sauce; 220 g, no sweet/snack/drink cue in the fields"
th_286,แกงส้มมะละกอ,savory,savory,high,false,"meal dish: main green_papaya, fish with shrimp_paste, tamarind_paste, fish_sauce; 181 g, no sweet/snack/drink cue in the fields"
th_287,ยำหอมแดง,savory,savory,high,false,"meal dish: main shallot, chili with fish_sauce, sugar; 190 g, no sweet/snack/drink cue in the fields"
th_288,แกงกะทิไก่มันแกว,savory,savory,high,false,"meal dish: main jicama, chicken with red_curry_paste, coconut_milk, sugar; 448 g, no sweet/snack/drink cue in the fields"
th_289,ผัดมันแกวน้ำมันหอย,savory,savory,high,false,"meal dish: main jicama with oyster_sauce, vegetable_oil, soy_sauce; 181 g, no sweet/snack/drink cue in the fields"
th_290,ขึ้นฉ่ายผัดหมูสับ,savory,savory,high,false,"meal dish: main celery, minced_meat with soy_sauce, sugar, vegetable_oil; 173 g, no sweet/snack/drink cue in the fields"
th_291,เต้าหู้ยัดไส้นึ่งซีอิ๊ว,savory,savory,high,false,"meal dish: main tofu, minced_meat with soy_sauce, oyster_sauce, sugar; 322 g, no sweet/snack/drink cue in the fields"
th_292,กะเพราเต้าหู้,savory,savory,high,false,"meal dish: main tofu, chili, holy_basil with vegetable_oil, soy_sauce, dark_soy_sauce; 190 g, no sweet/snack/drink cue in the fields"
th_293,เต้าหู้ทอดซอสมะขาม,savory,savory,high,false,"meal dish: main tofu with tamarind_paste, sugar, soy_sauce; 214 g, no sweet/snack/drink cue in the fields"
th_294,กะหล่ำปลีผัดไข่,savory,savory,high,false,"meal dish: main cabbage, egg with oyster_sauce, vegetable_oil; 280 g, no sweet/snack/drink cue in the fields"
th_295,ต้มจืดกะหล่ำม้วนหมูเด้ง,savory,savory,high,false,"meal dish: main cabbage, minced_meat with soy_sauce, salt, pepper; 413 g, no sweet/snack/drink cue in the fields"
th_296,กะหล่ำปลีผัดกุ้ง,savory,savory,high,false,"meal dish: main cabbage, shrimp with oyster_sauce, fish_sauce, vegetable_oil; 284 g, no sweet/snack/drink cue in the fields"
th_297,แครอทไข่,savory,savory,high,false,"meal dish: main carrot, egg with vegetable_oil; 338 g, no sweet/snack/drink cue in the fields"
th_298,ผัดแครอทใส่หมูสับ,savory,savory,high,false,"meal dish: main carrot, minced_meat with soy_sauce, pepper; 201 g, no sweet/snack/drink cue in the fields"
th_299,ต้มจืดหัวไชเท้าแครอท,savory,savory,high,false,"meal dish: main white_radish, carrot, pork with fish_sauce, soy_sauce, salt; 300 g, no sweet/snack/drink cue in the fields"
th_300,ผัดดอกกะหล่ำใส่กุ้ง,savory,savory,high,false,"meal dish: main cauliflower, shrimp with oyster_sauce, soy_sauce, vegetable_oil; 150 g, no sweet/snack/drink cue in the fields"
th_301,กะหล่ำดอกผัดไข่,savory,savory,high,false,"meal dish: main cauliflower, egg with oyster_sauce, vegetable_oil; 205 g, no sweet/snack/drink cue in the fields"
th_302,ซุปครีมกะหล่ำดอก,savory,savory,high,false,"meal dish: main cauliflower, potato with vegetable_oil, milk, salt; 240.5 g, no sweet/snack/drink cue in the fields"
th_303,ปูอบวุ้นเส้น,savory,savory,high,false,"meal dish: main crab, glass_noodle with vegetable_oil, soy_sauce, oyster_sauce; 171.5 g, no sweet/snack/drink cue in the fields"
th_304,ข้าวผัดปู,savory,savory,high,false,"meal dish: main crab, rice, egg with vegetable_oil, soy_sauce, sugar; 463 g, no sweet/snack/drink cue in the fields"
th_305,ปูจ๋า,savory,savory,high,false,"meal dish: main crab, minced_meat, egg with sugar, soy_sauce, oyster_sauce; 185 g, no sweet/snack/drink cue in the fields"
th_306,กะเพราเนื้อ,savory,savory,high,false,"meal dish: main beef, chili, garlic with oyster_sauce, soy_sauce, sugar; 239 g, no sweet/snack/drink cue in the fields"
th_307,แกงมัสมั่นเนื้อ,savory,savory,high,false,"meal dish: main beef, potato, peanuts with massaman_curry_paste, coconut_milk, sugar; 502 g, no sweet/snack/drink cue in the fields"
th_308,เนื้อผัดพริกไทยดำ,savory,savory,high,false,"meal dish: main beef, onion with oyster_sauce, soy_sauce, sugar; 337 g, no sweet/snack/drink cue in the fields"
th_309,ปวยเล้งผัดเห็ดหอม,savory,savory,high,false,"meal dish: main spinach, shiitake with soy_sauce, sugar, vegetable_oil; 335 g, no sweet/snack/drink cue in the fields"
th_310,แกงจืดปวยเล้งหมูสับ,savory,savory,high,false,"meal dish: main spinach, minced_meat with soy_sauce, salt; 170 g, no sweet/snack/drink cue in the fields"
th_311,ผัดปวยเล้งน้ำมันหอย,savory,savory,high,false,"meal dish: main spinach, garlic, chili with oyster_sauce, sugar, salt; 235 g, no sweet/snack/drink cue in the fields"
th_312,ผัดก้านคะน้าเห็ดหอมสด,savory,savory,high,false,"meal dish: main chinese_kale, shiitake with soy_sauce, pepper, vegetable_oil; 187.5 g, no sweet/snack/drink cue in the fields"
th_313,คะน้าหมูสับ,savory,savory,high,false,"meal dish: main chinese_kale, minced_meat with oyster_sauce, vegetable_oil; 215 g, no sweet/snack/drink cue in the fields"
th_314,คะน้าผัดเนื้อ,savory,savory,high,false,"meal dish: main chinese_kale, beef with vegetable_oil, fish_sauce, oyster_sauce; 349 g, no sweet/snack/drink cue in the fields"
th_315,ผัดบร็อคโคลี่เห็ดหอมหมูสับ,savory,savory,high,false,"meal dish: main broccoli, shiitake, minced_meat with soy_sauce, sugar, vegetable_oil; 114 g, no sweet/snack/drink cue in the fields"
th_316,ผัดบรอกโคลีเห็ดหอมสด,savory,savory,high,false,"meal dish: main broccoli, shiitake with vegetable_oil, soy_sauce; 131 g, no sweet/snack/drink cue in the fields"
th_317,เนื้อผัดบรอกโคลี,savory,savory,high,false,"meal dish: main beef, broccoli with soy_sauce, dark_soy_sauce, sugar; 214.3 g, no sweet/snack/drink cue in the fields"
th_318,เห็ดออรินจิผัดน้ำมันหอย,savory,savory,high,false,"meal dish: main king_oyster, carrot with oyster_sauce, soy_sauce, sugar; 182.5 g, no sweet/snack/drink cue in the fields"
th_319,เห็ดนางรมหลวงผัดพริก,savory,savory,high,false,"meal dish: main king_oyster, minced_meat, chili with vegetable_oil, sugar, oyster_sauce; 289 g, no sweet/snack/drink cue in the fields"
th_320,เห็ดออรินจิทอดเนย,savory,savory,high,false,"meal dish: main king_oyster with butter; 165 g, no sweet/snack/drink cue in the fields"
th_321,เห็ดนางรมผัดขึ้นฉ่าย,savory,savory,high,false,"meal dish: main white_oyster, minced_meat, celery with oyster_sauce, sugar, soy_sauce; 179 g, no sweet/snack/drink cue in the fields"
th_322,ต้มยำไก่เห็ดรวมมิตร,savory,savory,high,false,"meal dish: main chicken, king_oyster, white_oyster with fish_sauce, chili_paste; 146 g, no sweet/snack/drink cue in the fields"
th_323,ลาบเห็ดนางรม,savory,savory,high,false,"meal dish: main white_oyster, minced_meat, shrimp with roasted_rice_powder, fish_sauce; 274 g, no sweet/snack/drink cue in the fields"
th_324,ต้มหอยนางรม,savory,savory,high,false,"meal dish: main oyster, ginger with sugar, dark_soy_sauce, pepper; 230 g, no sweet/snack/drink cue in the fields"
th_325,ก้อยหอยนางรม,savory,savory,high,false,"meal dish: main oyster, shallot with fish_sauce, pla_ra, roasted_rice_powder; 144 g, no sweet/snack/drink cue in the fields"
th_326,ข้าวต้มหอยนางรม,savory,savory,high,false,"meal dish: main oyster, rice with salt; 263 g, no sweet/snack/drink cue in the fields"
th_327,แซนวิชทูน่า,savory,savory,medium,true,"main bread+fish+lettuce+tomato (tuna sandwich), 336 g with potato; sandwich-sized meal but also finger food"
th_328,หมูย่างเกาหลีห่อผักสลัดคอส,savory,savory,high,false,"meal dish: main pork, lettuce with no seasonings; 277 g, no sweet/snack/drink cue in the fields"
th_329,ซีซาร์สลัดอกไก่ไข่ต้ม,savory,savory,high,false,"meal dish: main lettuce, chicken, egg with no seasonings; 265 g, no sweet/snack/drink cue in the fields"
th_330,ปูนิ่มทอดกระเทียม,savory,savory,high,false,"meal dish: main crab, garlic with vegetable_oil, sugar, soy_sauce; 380 g, no sweet/snack/drink cue in the fields"
th_331,ปูผัดฉ่า,savory,savory,high,false,"meal dish: main crab, basil, onion with pepper, vegetable_oil, dark_soy_sauce; 213 g, no sweet/snack/drink cue in the fields"
th_332,เนื้อปูผัดพริกสด,savory,savory,high,false,"meal dish: main crab, garlic, chili with fish_sauce, sugar, oyster_sauce; 137 g, no sweet/snack/drink cue in the fields"
th_333,ซุปใสข้าวโพดกับปู,savory,savory,high,false,"meal dish: main crab, corn with vegetable_oil, salt, pepper; 143 g, no sweet/snack/drink cue in the fields"
th_334,ปูผัดพริกเผา,savory,savory,high,false,"meal dish: main crab, shrimp, egg with vegetable_oil, chili_paste, fish_sauce; 628 g, no sweet/snack/drink cue in the fields"
th_335,น้ำตกเนื้อ,savory,savory,high,false,"meal dish: main beef, shallot, mint_leaves with roasted_rice_powder, sugar, fish_sauce; 197 g, no sweet/snack/drink cue in the fields"
th_336,แกงเผ็ดเนื้อ,savory,savory,high,false,"meal dish: main beef, thai_eggplant, kaffir_lime_leaf with red_curry_paste, coconut_milk, sugar; 286 g, no sweet/snack/drink cue in the fields"
th_337,ยำเนื้อย่าง,savory,savory,high,false,"meal dish: main beef, tomato, cucumber with sugar, fish_sauce; 485 g, no sweet/snack/drink cue in the fields"
th_338,แกงจืดปลาหมึกยัดไส้หมูสับ,savory,savory,high,false,"meal dish: main squid, minced_meat, glass_noodle with oyster_sauce, fish_sauce, pepper; 287.5 g, no sweet/snack/drink cue in the fields"
th_339,ปลาหมึกผัดพริกเผา,savory,savory,high,false,"meal dish: main squid, onion with chili_paste, fish_sauce, sugar; 297 g, no sweet/snack/drink cue in the fields"
th_340,ผัดฉ่าทะเล,savory,savory,high,false,"meal dish: main shrimp, fish, squid with vegetable_oil, fish_sauce, soy_sauce; 349 g, no sweet/snack/drink cue in the fields"
th_341,หอยทอดหอยแมลงภู่,savory,savory,high,false,"meal dish: main mussel, egg with fish_sauce, salt, pepper; 325 g, no sweet/snack/drink cue in the fields"
th_342,หอยแมลงภู่ผัดพริกสด,savory,savory,high,false,"meal dish: main mussel, shallot, basil with vegetable_oil, oyster_sauce, soy_sauce; 150 g, no sweet/snack/drink cue in the fields"
th_343,สปาเก็ตตี้หอยตลับ,savory,savory,high,false,"meal dish: main spaghetti, clam, tomato with vegetable_oil, salt; 397 g, no sweet/snack/drink cue in the fields"
th_344,สปาเก็ตตี้ผัดหอยลาย,savory,savory,high,false,"meal dish: main spaghetti, clam, basil with vegetable_oil, oyster_sauce, fish_sauce; 466 g, no sweet/snack/drink cue in the fields"
th_345,ผัดหอยลายใบโหระพา,savory,savory,high,false,"meal dish: main clam, basil with vegetable_oil, oyster_sauce, fish_sauce; 176 g, no sweet/snack/drink cue in the fields"
th_346,ไข่นกกระทาทอดผัดเขียวหวาน,savory,savory,high,false,"meal dish: main quail_egg, thai_eggplant with coconut_milk, green_curry_paste, fish_sauce; 291 g, no sweet/snack/drink cue in the fields"
th_347,ผัดน้ำมันหอยผักรวมไข่นกกระทา,savory,savory,high,false,"meal dish: main quail_egg, carrot, broccoli with oyster_sauce, soy_sauce, vegetable_oil; 233.5 g, no sweet/snack/drink cue in the fields"
th_348,สปาเกตตี้ผัดขี้เมาไส้กรอก,savory,savory,high,false,"meal dish: main spaghetti, sausage, king_oyster with soy_sauce, oyster_sauce, sugar; 190.5 g, no sweet/snack/drink cue in the fields"
th_349,ฮอทดอก,savory,snack,medium,true,"main bread+sausage with lettuce+tomato (hot dog), 150 g; handheld finger food rather than a plated meal"
th_350,ไข่เจียวไส้กรอก,savory,savory,high,false,"meal dish: main egg, sausage with soy_sauce, vegetable_oil; 128 g, no sweet/snack/drink cue in the fields"
th_351,เห็ดหูหนูผัดไข่,savory,savory,high,false,"meal dish: main wood_ear, egg, carrot with sugar, soy_sauce, pepper; 260.3 g, no sweet/snack/drink cue in the fields"
th_352,ต้มจืดเห็ดหูหนูดำสดวุ้นเส้นหมูสับ,savory,savory,high,false,"meal dish: main wood_ear, minced_meat, glass_noodle with oyster_sauce, soy_sauce, pepper; 171.8 g, no sweet/snack/drink cue in the fields"
th_353,ยำเห็ดหูหนูกุ้งสดหมูสับ,savory,savory,high,false,"meal dish: main wood_ear, shrimp, minced_meat with fish_sauce, sugar; 215 g, no sweet/snack/drink cue in the fields"
th_354,ยำเห็ดเข็มทองหมูสับ,savory,savory,high,false,"meal dish: main enoki, minced_meat with fish_sauce, roasted_rice_powder; 246 g, no sweet/snack/drink cue in the fields"
th_355,เห็ดเข็มทองทอดกรอบ,savory,snack,medium,true,"notes: crispy fried shredded enoki served with a dipping sauce, 140 g for 2-3 people; fried finger food"
th_356,เห็ดเข็มทองผัดไข่หมูยอ,savory,savory,high,false,"meal dish: main enoki, egg with soy_sauce, oyster_sauce, sugar; 198.2 g, no sweet/snack/drink cue in the fields"
th_357,เห็ดแชมปิญองผัดน้ำมันหอย,savory,savory,high,false,"meal dish: main button, garlic with oyster_sauce, vegetable_oil; 90 g, no sweet/snack/drink cue in the fields"
th_358,เห็ดแชมปิงญองผัดเนย,savory,savory,high,false,"meal dish: main button with butter, salt, sugar; 211 g, no sweet/snack/drink cue in the fields"
th_359,ไก่ผัดเห็ดแชมปิญองน้ำมันหอย,savory,savory,high,false,"meal dish: main chicken, button with oyster_sauce, soy_sauce, sugar; 293 g, no sweet/snack/drink cue in the fields"
th_360,แกงหน่อไม้ลาว,savory,savory,high,false,"meal dish: main bamboo_shoots, straw_mushroom, maenglak with pla_ra, fish_sauce, sugar; 258 g, no sweet/snack/drink cue in the fields"
th_361,แกงเปรอะ,savory,savory,high,false,"meal dish: main bamboo_shoots, straw_mushroom, pumpkin with fish_sauce, pla_ra; 152 g, no sweet/snack/drink cue in the fields"
th_362,แกงป่าหมู,savory,savory,high,false,"meal dish: main pork, yardlong_bean, thai_eggplant with red_curry_paste, fish_sauce; 388 g, no sweet/snack/drink cue in the fields"
th_363,ผัดถั่วฝักยาวหมูสับ,savory,savory,high,false,"meal dish: main yardlong_bean, minced_meat with oyster_sauce, soy_sauce, sugar; 235.5 g, no sweet/snack/drink cue in the fields"
th_364,ผัดกุยช่ายใส่ไก่ต้ม,savory,savory,high,false,"meal dish: main chives, chicken with soy_sauce, oyster_sauce, fish_sauce; 142 g, no sweet/snack/drink cue in the fields"
th_365,กุยช่ายผัดน้ำพริกหนุ่ม,savory,savory,high,false,"meal dish: main chives, minced_meat with oyster_sauce, soy_sauce, pepper; 148.8 g, no sweet/snack/drink cue in the fields"
th_366,ผักโขมแดงผัดไข่,savory,savory,high,false,"meal dish: main amaranth, egg with vegetable_oil, oyster_sauce, soy_sauce; 209 g, no sweet/snack/drink cue in the fields"
th_367,ผักโขมผัดไก่,savory,savory,high,false,"meal dish: main amaranth, chicken with oyster_sauce, soy_sauce, vegetable_oil; 193 g, no sweet/snack/drink cue in the fields"
th_368,ผัดผักโขมน้ำมันหอยและไข่นกกระทา,savory,savory,high,false,"meal dish: main amaranth, quail_egg with oyster_sauce, soy_sauce, vegetable_oil; 187.3 g, no sweet/snack/drink cue in the fields"
th_369,ต้มจืดหมูถั่วงอกหัวโต,savory,savory,high,false,"meal dish: main soybean_sprouts, minced_meat with soy_sauce, salt, pepper; 126.5 g, no sweet/snack/drink cue in the fields"
th_370,ยำถั่วงอกแบบเกาหลี,savory,savory,high,false,"meal dish: main soybean_sprouts with soy_sauce, vegetable_oil, salt; 113 g, no sweet/snack/drink cue in the fields"
th_371,ผัดกวางตุ้งน้ำมันหอยใส่กุ้ง,savory,savory,high,false,"meal dish: main bok_choy, shrimp with soy_sauce, oyster_sauce, vegetable_oil; 193 g, no sweet/snack/drink cue in the fields"
th_372,ผัดผักกวางตุ้งมังสวิรัติใส่เต้าหู้เห็ดหอม,savory,savory,high,false,"meal dish: main bok_choy, tofu, shiitake with vegetable_oil, soy_sauce, sugar; 310 g, no sweet/snack/drink cue in the fields"
th_373,ต้มจับฉ่ายกระดูกหมู,savory,savory,high,false,"meal dish: main napa_cabbage, cabbage, white_radish with oyster_sauce, soy_sauce, dark_soy_sauce; 251.8 g, no sweet/snack/drink cue in the fields"
th_374,ผักกาดขาวผัดไข่,savory,savory,high,false,"meal dish: main napa_cabbage, egg with oyster_sauce, fish_sauce, vegetable_oil; 239.5 g, no sweet/snack/drink cue in the fields"
th_375,ขนมผักกาด,savory,savory,medium,true,"main white_radish+rice_flour with dried_shrimp and dark_soy_sauce (radish cake); savory like th_162, but dim-sum style and could be a snack"
th_376,ผัดบวบกุ้ง,savory,savory,high,false,"meal dish: main sponge_gourd, shrimp with fish_sauce, pepper, salt; 151.9 g, no sweet/snack/drink cue in the fields"
th_377,ผัดฟักใส่ไข่,savory,savory,high,false,"meal dish: main winter_melon, egg with fish_sauce, soy_sauce, sugar; 390 g, no sweet/snack/drink cue in the fields"
th_378,มะระต้มกระดูกหมู,savory,savory,high,false,"meal dish: main bitter_gourd with fish_sauce, sugar, vegetable_oil; 89.3 g, no sweet/snack/drink cue in the fields"
th_379,ตำลึงผัดน้ำมัน,savory,savory,high,false,"meal dish: main ivy_gourd with vegetable_oil, salt; 107 g, no sweet/snack/drink cue in the fields"
th_380,แกงผักปลังใส่หมูสับ,savory,savory,high,false,"meal dish: main malabar_spinach, minced_meat with red_curry_paste, shrimp_paste, sugar; 138.8 g, no sweet/snack/drink cue in the fields"
th_381,ยอดผักปลังผัดกุ้ง,savory,savory,high,false,"meal dish: main malabar_spinach, shrimp with soy_sauce, fish_sauce, sugar; 202 g, no sweet/snack/drink cue in the fields"
th_382,แกงกะทิหัวปลี,savory,savory,high,false,"meal dish: main banana_flower, shallot with coconut_milk, shrimp_paste, pepper; 239.2 g, no sweet/snack/drink cue in the fields"
th_383,ผัดหัวปลี,savory,savory,high,false,"meal dish: main banana_flower, garlic with oyster_sauce, soy_sauce, sugar; 149.3 g, no sweet/snack/drink cue in the fields"
th_384,หัวปลีทอด,savory,snack,medium,true,"main banana_flower, battered (wheat_flour) and deep-fried with curry paste, 272 g; fried finger food, not a plated meal"
th_385,หน่อไม้ฝรั่งผัดน้ำมันหอย,savory,savory,high,false,"meal dish: main asparagus with oyster_sauce, vegetable_oil; 129.5 g, no sweet/snack/drink cue in the fields"
th_386,ผัดผักรวมมิตรน้ำมันงา,savory,savory,high,false,"meal dish: main asparagus, carrot, minced_meat with soy_sauce, sugar, vegetable_oil; 222 g, no sweet/snack/drink cue in the fields"
th_387,เนื้อผัดพริกหวานน้ำมันหอย,savory,savory,high,false,"meal dish: main beef, bell_pepper with oyster_sauce, sugar, vegetable_oil; 180 g, no sweet/snack/drink cue in the fields"
th_388,ผัดพริกหวานกุ้งสด อกไก่พริกไทยดำ,savory,savory,high,false,"meal dish: main bell_pepper, shrimp, chicken with oyster_sauce, fish_sauce, sugar; 325.5 g, no sweet/snack/drink cue in the fields"
th_389,แกงส้มผักบุ้งปลาน้ำดอกไม้,savory,savory,high,false,"meal dish: main water_spinach, fish with sour_curry_paste, tamarind_paste, fish_sauce; 125 g, no sweet/snack/drink cue in the fields"
th_390,ผักบุ้งผัดกะปิ,savory,savory,high,false,"meal dish: main water_spinach, dried_shrimp with shrimp_paste, sugar, fish_sauce; 207.5 g, no sweet/snack/drink cue in the fields"
th_391,ยำมะเขือยาวเผา,savory,savory,high,false,"meal dish: main eggplant, egg, minced_meat with fish_sauce, sugar; 266 g, no sweet/snack/drink cue in the fields"
th_392,ยำตะไคร้,savory,savory,high,false,"meal dish: main lemongrass, dried_shrimp with sugar, fish_sauce; 109.5 g, no sweet/snack/drink cue in the fields"
th_393,ไก่ทอดตะไคร้,savory,savory,high,false,"meal dish: main chicken, lemongrass with soy_sauce, sugar, vegetable_oil; 144.8 g, no sweet/snack/drink cue in the fields"
th_394,หมูห่อใบเตยย่าง,savory,savory,high,false,"meal dish: main pork, pandan_leaf with soy_sauce, salt, vegetable_oil; 274 g, no sweet/snack/drink cue in the fields"
th_395,ปลาหมึกทอดขมิ้น,savory,savory,high,false,"meal dish: main squid, turmeric with fish_sauce, sugar, salt; 169.3 g, no sweet/snack/drink cue in the fields"
th_396,ปลาทับทิมนึ่งขิง,savory,savory,high,false,"meal dish: main fish, ginger, celery with soy_sauce, sugar, vegetable_oil; 202 g, no sweet/snack/drink cue in the fields"
th_397,แตงกวาผัดไข่,savory,savory,high,false,"meal dish: main cucumber, egg with soy_sauce, oyster_sauce, vegetable_oil; 239 g, no sweet/snack/drink cue in the fields"
th_398,ยำกุ้งใบชะพลูทอดกรอบ,savory,savory,high,false,"meal dish: main piper_lolot, shrimp with fish_sauce, sugar, salt; 200 g, no sweet/snack/drink cue in the fields"
th_399,ผัดยอดฟักแม้วไฟแดง,savory,savory,high,false,"meal dish: main chayote with oyster_sauce, soy_sauce, fish_sauce; 289 g, no sweet/snack/drink cue in the fields"
th_400,กระเจี๊ยบเขียวชุบแป้งทอด,savory,snack,medium,true,"main okra, flour-and-egg batter deep-fried (seasonings salt+oil); fried vegetable finger food"
th_401,ทอดมันปลากรายใส่ถั่วพู,savory,savory,high,false,"meal dish: main fish, winged_bean with red_curry_paste, fish_sauce, salt; 173 g, no sweet/snack/drink cue in the fields"
th_402,กุ้งผัดเม็ดมะม่วงหิมพานต์,savory,savory,high,false,"meal dish: main shrimp, cashew, onion with oyster_sauce, soy_sauce, sugar; 173.8 g, no sweet/snack/drink cue in the fields"
th_403,แพนเค้กต้นหอมสไตล์จีน,savory,snack,medium,true,"main green_onion+wheat_flour with salt+oil, 98.8 g scallion pancake; street-snack pancake, no meal ingredients"
